Date,Difficulty,Duration,WPM,Accuracy,Errors
2026-06-23,Easy,15,13,35.29,15
2026-06-23,Easy,15,20,100.00,0
2026-06-23,Easy,15,20,100.00,0
2026-06-23,Easy,15,20,100.00,0
2026-06-23,Easy,15,26,100.00,0
2026-06-23,Easy,15,20,100.00,0
2026-06-25,Easy,15,22,100.00,133
2026-06-25,Easy,15,44,71.43,36
2026-06-25,Easy,15,28,100.00,48
2026-06-25,Easy,30,29,12.33,75
2026-06-25,Easy,15,36,97.78,32
2026-06-25,Easy,15,27,97.06,50
2026-06-25,Hard,15,0,0.00,208
2026-06-25,Medium,30,37,100.00,135
2026-06-25,Easy,15,65,100.00,1
2026-06-26,Easy,15,0,0.00,76
2026-06-26,Easy,15,29,100.00,46
2026-06-26,Easy,15,23,100.00,55
2026-06-26,Easy,15,20,52.00,12
2026-06-26,Easy,15,18,86.96,3
2026-06-26,Easy,15,9,91.67,1
2026-06-26,Easy,15,21,100.00,0
2026-06-26,Easy,60,15,100.00,0
2026-06-26,Easy,60,16,100.00,0
2026-06-26,Easy,60,15,100.00,0
2026-06-26,Easy,15,0,0.00,0
2026-06-26,Easy,30,17,100.00,0
2026-06-26,Easy,15,27,100.00,0
2026-06-27,Easy,15,0,0.00,0
2026-06-27,Easy,15,6,100.00,0
2026-06-27,Easy,15,0,0.00,0
2026-06-27,Easy,15,0,0.00,0
2026-06-27,Easy,15,0,0.00,0
